customer_id,name,signup_date,risk_segment
C00001,Customer 1,2020-01-01,Low
C00002,Customer 2,2020-01-02,High
C00003,Customer 3,2020-01-03,Medium
C00004,Customer 4,2020-01-04,Medium
C00005,Customer 5,2020-01-05,Low
C00006,Customer 6,2020-01-06,Low
C00007,Customer 7,2020-01-07,Low
C00008,Customer 8,2020-01-08,High
C00009,Customer 9,2020-01-09,Medium
C00010,Customer 10,2020-01-10,Medium
C00011,Customer 11,2020-01-11,Low
C00012,Customer 12,2020-01-12,High
C00013,Customer 13,2020-01-13,High
C00014,Customer 14,2020-01-14,Low
C00015,Customer 15,2020-01-15,Low
C00016,Customer 16,2020-01-16,Low
C00017,Customer 17,2020-01-17,Low
C00018,Customer 18,2020-01-18,Medium
C00019,Customer 19,2020-01-19,Low
C00020,Customer 20,2020-01-20,Low
C00021,Customer 21,2020-01-21,Medium
C00022,Customer 22,2020-01-22,Low
C00023,Customer 23,2020-01-23,Low
C00024,Customer 24,2020-01-24,Low
C00025,Customer 25,2020-01-25,Low
C00026,Customer 26,2020-01-26,Medium
C00027,Customer 27,2020-01-27,Low
C00028,Customer 28,2020-01-28,Medium
C00029,Customer 29,2020-01-29,Medium
C00030,Customer 30,2020-01-30,Low
C00031,Customer 31,2020-01-31,Medium
C00032,Customer 32,2020-02-01,Low
C00033,Customer 33,2020-02-02,Low
C00034,Customer 34,2020-02-03,High
C00035,Customer 35,2020-02-04,High
C00036,Customer 36,2020-02-05,High
C00037,Customer 37,2020-02-06,Low
C00038,Customer 38,2020-02-07,Low
C00039,Customer 39,2020-02-08,Medium
C00040,Customer 40,2020-02-09,Low
C00041,Customer 41,2020-02-10,Low
C00042,Customer 42,2020-02-11,Low
C00043,Customer 43,2020-02-12,Low
C00044,Customer 44,2020-02-13,High
C00045,Customer 45,2020-02-14,Low
C00046,Customer 46,2020-02-15,Medium
C00047,Customer 47,2020-02-16,Low
C00048,Customer 48,2020-02-17,Medium
C00049,Customer 49,2020-02-18,Medium
C00050,Customer 50,2020-02-19,Low
C00051,Customer 51,2020-02-20,High
C00052,Customer 52,2020-02-21,Medium
C00053,Customer 53,2020-02-22,High
C00054,Customer 54,2020-02-23,High
C00055,Customer 55,2020-02-24,Medium
C00056,Customer 56,2020-02-25,High
C00057,Customer 57,2020-02-26,Low
C00058,Customer 58,2020-02-27,Low
C00059,Customer 59,2020-02-28,Low
C00060,Customer 60,2020-02-29,Low
C00061,Customer 61,2020-03-01,Low
C00062,Customer 62,2020-03-02,Low
C00063,Customer 63,2020-03-03,High
C00064,Customer 64,2020-03-04,Low
C00065,Customer 65,2020-03-05,Low
C00066,Customer 66,2020-03-06,Medium
C00067,Customer 67,2020-03-07,Low
C00068,Customer 68,2020-03-08,High
C00069,Customer 69,2020-03-09,Low
C00070,Customer 70,2020-03-10,High
C00071,Customer 71,2020-03-11,Medium
C00072,Customer 72,2020-03-12,Low
C00073,Customer 73,2020-03-13,Low
C00074,Customer 74,2020-03-14,High
C00075,Customer 75,2020-03-15,Medium
C00076,Customer 76,2020-03-16,Medium
C00077,Customer 77,2020-03-17,Medium
C00078,Customer 78,2020-03-18,Low
C00079,Customer 79,2020-03-19,Low
C00080,Customer 80,2020-03-20,Low
C00081,Customer 81,2020-03-21,High
C00082,Customer 82,2020-03-22,Medium
C00083,Customer 83,2020-03-23,Low
C00084,Customer 84,2020-03-24,Low
C00085,Customer 85,2020-03-25,Low
C00086,Customer 86,2020-03-26,Low
C00087,Customer 87,2020-03-27,Medium
C00088,Customer 88,2020-03-28,Medium
C00089,Customer 89,2020-03-29,High
C00090,Customer 90,2020-03-30,Low
C00091,Customer 91,2020-03-31,Low
C00092,Customer 92,2020-04-01,Medium
C00093,Customer 93,2020-04-02,Medium
C00094,Customer 94,2020-04-03,Medium
C00095,Customer 95,2020-04-04,Medium
C00096,Customer 96,2020-04-05,Low
C00097,Customer 97,2020-04-06,Medium
C00098,Customer 98,2020-04-07,Low
C00099,Customer 99,2020-04-08,Low
C00100,Customer 100,2020-04-09,Low
C00101,Customer 101,2020-04-10,Low
C00102,Customer 102,2020-04-11,Medium
C00103,Customer 103,2020-04-12,Low
C00104,Customer 104,2020-04-13,Medium
C00105,Customer 105,2020-04-14,High
C00106,Customer 106,2020-04-15,Low
C00107,Customer 107,2020-04-16,Low
C00108,Customer 108,2020-04-17,Medium
C00109,Customer 109,2020-04-18,Low
C00110,Customer 110,2020-04-19,Low
C00111,Customer 111,2020-04-20,Low
C00112,Customer 112,2020-04-21,Low
C00113,Customer 113,2020-04-22,High
C00114,Customer 114,2020-04-23,High
C00115,Customer 115,2020-04-24,Medium
C00116,Customer 116,2020-04-25,High
C00117,Customer 117,2020-04-26,High
C00118,Customer 118,2020-04-27,Low
C00119,Customer 119,2020-04-28,High
C00120,Customer 120,2020-04-29,Medium
C00121,Customer 121,2020-04-30,High
C00122,Customer 122,2020-05-01,High
C00123,Customer 123,2020-05-02,Low
C00124,Customer 124,2020-05-03,Low
C00125,Customer 125,2020-05-04,Low
C00126,Customer 126,2020-05-05,Low
C00127,Customer 127,2020-05-06,High
C00128,Customer 128,2020-05-07,High
C00129,Customer 129,2020-05-08,Low
C00130,Customer 130,2020-05-09,Medium
C00131,Customer 131,2020-05-10,Low
C00132,Customer 132,2020-05-11,Low
C00133,Customer 133,2020-05-12,Low
C00134,Customer 134,2020-05-13,Low
C00135,Customer 135,2020-05-14,High
C00136,Customer 136,2020-05-15,Low
C00137,Customer 137,2020-05-16,Medium
C00138,Customer 138,2020-05-17,Medium
C00139,Customer 139,2020-05-18,Low
C00140,Customer 140,2020-05-19,High
C00141,Customer 141,2020-05-20,High
C00142,Customer 142,2020-05-21,Low
C00143,Customer 143,2020-05-22,Low
C00144,Customer 144,2020-05-23,Low
C00145,Customer 145,2020-05-24,Low
C00146,Customer 146,2020-05-25,Low
C00147,Customer 147,2020-05-26,Medium
C00148,Customer 148,2020-05-27,Medium
C00149,Customer 149,2020-05-28,Low
C00150,Customer 150,2020-05-29,Low
C00151,Customer 151,2020-05-30,High
C00152,Customer 152,2020-05-31,Low
C00153,Customer 153,2020-06-01,Low
C00154,Customer 154,2020-06-02,Low
C00155,Customer 155,2020-06-03,High
C00156,Customer 156,2020-06-04,Low
C00157,Customer 157,2020-06-05,Medium
C00158,Customer 158,2020-06-06,Medium
C00159,Customer 159,2020-06-07,Low
C00160,Customer 160,2020-06-08,Medium
C00161,Customer 161,2020-06-09,Low
C00162,Customer 162,2020-06-10,Medium
C00163,Customer 163,2020-06-11,Medium
C00164,Customer 164,2020-06-12,Medium
C00165,Customer 165,2020-06-13,Low
C00166,Customer 166,2020-06-14,High
C00167,Customer 167,2020-06-15,Low
C00168,Customer 168,2020-06-16,Low
C00169,Customer 169,2020-06-17,Low
C00170,Customer 170,2020-06-18,Medium
C00171,Customer 171,2020-06-19,Medium
C00172,Customer 172,2020-06-20,Low
C00173,Customer 173,2020-06-21,Medium
C00174,Customer 174,2020-06-22,Low
C00175,Customer 175,2020-06-23,Medium
C00176,Customer 176,2020-06-24,Low
C00177,Customer 177,2020-06-25,Medium
C00178,Customer 178,2020-06-26,Low
C00179,Customer 179,2020-06-27,High
C00180,Customer 180,2020-06-28,Low
C00181,Customer 181,2020-06-29,Low
C00182,Customer 182,2020-06-30,Low
C00183,Customer 183,2020-07-01,High
C00184,Customer 184,2020-07-02,High
C00185,Customer 185,2020-07-03,Low
C00186,Customer 186,2020-07-04,Medium
C00187,Customer 187,2020-07-05,High
C00188,Customer 188,2020-07-06,Medium
C00189,Customer 189,2020-07-07,Medium
C00190,Customer 190,2020-07-08,Low
C00191,Customer 191,2020-07-09,Low
C00192,Customer 192,2020-07-10,High
C00193,Customer 193,2020-07-11,High
C00194,Customer 194,2020-07-12,Medium
C00195,Customer 195,2020-07-13,Low
C00196,Customer 196,2020-07-14,Low
C00197,Customer 197,2020-07-15,Medium
C00198,Customer 198,2020-07-16,High
C00199,Customer 199,2020-07-17,High
C00200,Customer 200,2020-07-18,Medium
C00201,Customer 201,2020-07-19,Medium
C00202,Customer 202,2020-07-20,Low
C00203,Customer 203,2020-07-21,Low
C00204,Customer 204,2020-07-22,High
C00205,Customer 205,2020-07-23,Medium
C00206,Customer 206,2020-07-24,Low
C00207,Customer 207,2020-07-25,Low
C00208,Customer 208,2020-07-26,Medium
C00209,Customer 209,2020-07-27,Low
C00210,Customer 210,2020-07-28,Low
C00211,Customer 211,2020-07-29,Medium
C00212,Customer 212,2020-07-30,Medium
C00213,Customer 213,2020-07-31,Medium
C00214,Customer 214,2020-08-01,Low
C00215,Customer 215,2020-08-02,Medium
C00216,Customer 216,2020-08-03,Low
C00217,Customer 217,2020-08-04,Low
C00218,Customer 218,2020-08-05,Medium
C00219,Customer 219,2020-08-06,Medium
C00220,Customer 220,2020-08-07,High
C00221,Customer 221,2020-08-08,Medium
C00222,Customer 222,2020-08-09,Medium
C00223,Customer 223,2020-08-10,Low
C00224,Customer 224,2020-08-11,Low
C00225,Customer 225,2020-08-12,Low
C00226,Customer 226,2020-08-13,Low
C00227,Customer 227,2020-08-14,High
C00228,Customer 228,2020-08-15,Low
C00229,Customer 229,2020-08-16,High
C00230,Customer 230,2020-08-17,Medium
C00231,Customer 231,2020-08-18,Medium
C00232,Customer 232,2020-08-19,Medium
C00233,Customer 233,2020-08-20,Medium
C00234,Customer 234,2020-08-21,Low
C00235,Customer 235,2020-08-22,Low
C00236,Customer 236,2020-08-23,Medium
C00237,Customer 237,2020-08-24,Low
C00238,Customer 238,2020-08-25,Low
C00239,Customer 239,2020-08-26,Medium
C00240,Customer 240,2020-08-27,Low
C00241,Customer 241,2020-08-28,High
C00242,Customer 242,2020-08-29,High
C00243,Customer 243,2020-08-30,High
C00244,Customer 244,2020-08-31,Low
C00245,Customer 245,2020-09-01,Low
C00246,Customer 246,2020-09-02,High
C00247,Customer 247,2020-09-03,Low
C00248,Customer 248,2020-09-04,High
C00249,Customer 249,2020-09-05,High
C00250,Customer 250,2020-09-06,High
C00251,Customer 251,2020-09-07,Low
C00252,Customer 252,2020-09-08,Low
C00253,Customer 253,2020-09-09,High
C00254,Customer 254,2020-09-10,Low
C00255,Customer 255,2020-09-11,Low
C00256,Customer 256,2020-09-12,Medium
C00257,Customer 257,2020-09-13,High
C00258,Customer 258,2020-09-14,Medium
C00259,Customer 259,2020-09-15,Medium
C00260,Customer 260,2020-09-16,Low
C00261,Customer 261,2020-09-17,Medium
C00262,Customer 262,2020-09-18,High
C00263,Customer 263,2020-09-19,Low
C00264,Customer 264,2020-09-20,Medium
C00265,Customer 265,2020-09-21,High
C00266,Customer 266,2020-09-22,Medium
C00267,Customer 267,2020-09-23,Medium
C00268,Customer 268,2020-09-24,Medium
C00269,Customer 269,2020-09-25,Low
C00270,Customer 270,2020-09-26,Low
C00271,Customer 271,2020-09-27,High
C00272,Customer 272,2020-09-28,High
C00273,Customer 273,2020-09-29,High
C00274,Customer 274,2020-09-30,High
C00275,Customer 275,2020-10-01,Medium
C00276,Customer 276,2020-10-02,Medium
C00277,Customer 277,2020-10-03,Medium
C00278,Customer 278,2020-10-04,Medium
C00279,Customer 279,2020-10-05,Medium
C00280,Customer 280,2020-10-06,Medium
C00281,Customer 281,2020-10-07,High
C00282,Customer 282,2020-10-08,Low
C00283,Customer 283,2020-10-09,Low
C00284,Customer 284,2020-10-10,Low
C00285,Customer 285,2020-10-11,Medium
C00286,Customer 286,2020-10-12,Low
C00287,Customer 287,2020-10-13,Low
C00288,Customer 288,2020-10-14,Medium
C00289,Customer 289,2020-10-15,Low
C00290,Customer 290,2020-10-16,Medium
C00291,Customer 291,2020-10-17,Low
C00292,Customer 292,2020-10-18,Low
C00293,Customer 293,2020-10-19,High
C00294,Customer 294,2020-10-20,Low
C00295,Customer 295,2020-10-21,Low
C00296,Customer 296,2020-10-22,Medium
C00297,Customer 297,2020-10-23,Medium
C00298,Customer 298,2020-10-24,Low
C00299,Customer 299,2020-10-25,Medium
C00300,Customer 300,2020-10-26,Low
C00301,Customer 301,2020-10-27,Low
C00302,Customer 302,2020-10-28,Medium
C00303,Customer 303,2020-10-29,Medium
C00304,Customer 304,2020-10-30,Medium
C00305,Customer 305,2020-10-31,Medium
C00306,Customer 306,2020-11-01,High
C00307,Customer 307,2020-11-02,Medium
C00308,Customer 308,2020-11-03,Low
C00309,Customer 309,2020-11-04,Medium
C00310,Customer 310,2020-11-05,Low
C00311,Customer 311,2020-11-06,Low
C00312,Customer 312,2020-11-07,Low
C00313,Customer 313,2020-11-08,Low
C00314,Customer 314,2020-11-09,High
C00315,Customer 315,2020-11-10,High
C00316,Customer 316,2020-11-11,Medium
C00317,Customer 317,2020-11-12,Low
C00318,Customer 318,2020-11-13,Low
C00319,Customer 319,2020-11-14,Low
C00320,Customer 320,2020-11-15,Low
C00321,Customer 321,2020-11-16,Medium
C00322,Customer 322,2020-11-17,Medium
C00323,Customer 323,2020-11-18,Medium
C00324,Customer 324,2020-11-19,Low
C00325,Customer 325,2020-11-20,High
C00326,Customer 326,2020-11-21,Medium
C00327,Customer 327,2020-11-22,Medium
C00328,Customer 328,2020-11-23,Medium
C00329,Customer 329,2020-11-24,Low
C00330,Customer 330,2020-11-25,Low
C00331,Customer 331,2020-11-26,Low
C00332,Customer 332,2020-11-27,Medium
C00333,Customer 333,2020-11-28,Low
C00334,Customer 334,2020-11-29,Low
C00335,Customer 335,2020-11-30,Low
C00336,Customer 336,2020-12-01,Low
C00337,Customer 337,2020-12-02,High
C00338,Customer 338,2020-12-03,Medium
C00339,Customer 339,2020-12-04,Low
C00340,Customer 340,2020-12-05,Low
C00341,Customer 341,2020-12-06,Low
C00342,Customer 342,2020-12-07,Low
C00343,Customer 343,2020-12-08,Low
C00344,Customer 344,2020-12-09,Low
C00345,Customer 345,2020-12-10,Low
C00346,Customer 346,2020-12-11,Medium
C00347,Customer 347,2020-12-12,Medium
C00348,Customer 348,2020-12-13,Low
C00349,Customer 349,2020-12-14,Low
C00350,Customer 350,2020-12-15,Medium
C00351,Customer 351,2020-12-16,Medium
C00352,Customer 352,2020-12-17,High
C00353,Customer 353,2020-12-18,Medium
C00354,Customer 354,2020-12-19,Low
C00355,Customer 355,2020-12-20,Low
C00356,Customer 356,2020-12-21,Medium
C00357,Customer 357,2020-12-22,Low
C00358,Customer 358,2020-12-23,Medium
C00359,Customer 359,2020-12-24,High
C00360,Customer 360,2020-12-25,Medium
C00361,Customer 361,2020-12-26,Low
C00362,Customer 362,2020-12-27,Medium
C00363,Customer 363,2020-12-28,Low
C00364,Customer 364,2020-12-29,Medium
C00365,Customer 365,2020-12-30,High
C00366,Customer 366,2020-12-31,Low
C00367,Customer 367,2021-01-01,High
C00368,Customer 368,2021-01-02,High
C00369,Customer 369,2021-01-03,Low
C00370,Customer 370,2021-01-04,Low
C00371,Customer 371,2021-01-05,Low
C00372,Customer 372,2021-01-06,Low
C00373,Customer 373,2021-01-07,Low
C00374,Customer 374,2021-01-08,Medium
C00375,Customer 375,2021-01-09,Low
C00376,Customer 376,2021-01-10,Low
C00377,Customer 377,2021-01-11,High
C00378,Customer 378,2021-01-12,Low
C00379,Customer 379,2021-01-13,High
C00380,Customer 380,2021-01-14,Low
C00381,Customer 381,2021-01-15,Low
C00382,Customer 382,2021-01-16,Medium
C00383,Customer 383,2021-01-17,Medium
C00384,Customer 384,2021-01-18,High
C00385,Customer 385,2021-01-19,Medium
C00386,Customer 386,2021-01-20,High
C00387,Customer 387,2021-01-21,Low
C00388,Customer 388,2021-01-22,Low
C00389,Customer 389,2021-01-23,Medium
C00390,Customer 390,2021-01-24,High
C00391,Customer 391,2021-01-25,High
C00392,Customer 392,2021-01-26,Low
C00393,Customer 393,2021-01-27,Low
C00394,Customer 394,2021-01-28,Medium
C00395,Customer 395,2021-01-29,Low
C00396,Customer 396,2021-01-30,High
C00397,Customer 397,2021-01-31,High
C00398,Customer 398,2021-02-01,Low
C00399,Customer 399,2021-02-02,Medium
C00400,Customer 400,2021-02-03,Medium
C00401,Customer 401,2021-02-04,Low
C00402,Customer 402,2021-02-05,High
C00403,Customer 403,2021-02-06,Medium
C00404,Customer 404,2021-02-07,High
C00405,Customer 405,2021-02-08,Low
C00406,Customer 406,2021-02-09,High
C00407,Customer 407,2021-02-10,Low
C00408,Customer 408,2021-02-11,Low
C00409,Customer 409,2021-02-12,High
C00410,Customer 410,2021-02-13,Low
C00411,Customer 411,2021-02-14,Low
C00412,Customer 412,2021-02-15,High
C00413,Customer 413,2021-02-16,High
C00414,Customer 414,2021-02-17,Medium
C00415,Customer 415,2021-02-18,Medium
C00416,Customer 416,2021-02-19,Low
C00417,Customer 417,2021-02-20,Low
C00418,Customer 418,2021-02-21,Low
C00419,Customer 419,2021-02-22,Medium
C00420,Customer 420,2021-02-23,Medium
C00421,Customer 421,2021-02-24,Medium
C00422,Customer 422,2021-02-25,Medium
C00423,Customer 423,2021-02-26,Low
C00424,Customer 424,2021-02-27,Low
C00425,Customer 425,2021-02-28,Low
C00426,Customer 426,2021-03-01,Medium
C00427,Customer 427,2021-03-02,Low
C00428,Customer 428,2021-03-03,High
C00429,Customer 429,2021-03-04,Low
C00430,Customer 430,2021-03-05,Low
C00431,Customer 431,2021-03-06,Low
C00432,Customer 432,2021-03-07,Medium
C00433,Customer 433,2021-03-08,Medium
C00434,Customer 434,2021-03-09,Low
C00435,Customer 435,2021-03-10,Low
C00436,Customer 436,2021-03-11,Medium
C00437,Customer 437,2021-03-12,Low
C00438,Customer 438,2021-03-13,High
C00439,Customer 439,2021-03-14,Medium
C00440,Customer 440,2021-03-15,Low
C00441,Customer 441,2021-03-16,Low
C00442,Customer 442,2021-03-17,High
C00443,Customer 443,2021-03-18,Low
C00444,Customer 444,2021-03-19,Low
C00445,Customer 445,2021-03-20,High
C00446,Customer 446,2021-03-21,High
C00447,Customer 447,2021-03-22,High
C00448,Customer 448,2021-03-23,Medium
C00449,Customer 449,2021-03-24,Low
C00450,Customer 450,2021-03-25,Low
C00451,Customer 451,2021-03-26,Medium
C00452,Customer 452,2021-03-27,Medium
C00453,Customer 453,2021-03-28,Low
C00454,Customer 454,2021-03-29,High
C00455,Customer 455,2021-03-30,Low
C00456,Customer 456,2021-03-31,Low
C00457,Customer 457,2021-04-01,Low
C00458,Customer 458,2021-04-02,Low
C00459,Customer 459,2021-04-03,Low
C00460,Customer 460,2021-04-04,Low
C00461,Customer 461,2021-04-05,Low
C00462,Customer 462,2021-04-06,Medium
C00463,Customer 463,2021-04-07,Medium
C00464,Customer 464,2021-04-08,Medium
C00465,Customer 465,2021-04-09,High
C00466,Customer 466,2021-04-10,Low
C00467,Customer 467,2021-04-11,Low
C00468,Customer 468,2021-04-12,High
C00469,Customer 469,2021-04-13,Low
C00470,Customer 470,2021-04-14,High
C00471,Customer 471,2021-04-15,Low
C00472,Customer 472,2021-04-16,High
C00473,Customer 473,2021-04-17,Low
C00474,Customer 474,2021-04-18,High
C00475,Customer 475,2021-04-19,Medium
C00476,Customer 476,2021-04-20,High
C00477,Customer 477,2021-04-21,Low
C00478,Customer 478,2021-04-22,Medium
C00479,Customer 479,2021-04-23,High
C00480,Customer 480,2021-04-24,Medium
C00481,Customer 481,2021-04-25,Medium
C00482,Customer 482,2021-04-26,Medium
C00483,Customer 483,2021-04-27,Low
C00484,Customer 484,2021-04-28,Medium
C00485,Customer 485,2021-04-29,Medium
C00486,Customer 486,2021-04-30,High
C00487,Customer 487,2021-05-01,Low
C00488,Customer 488,2021-05-02,Low
C00489,Customer 489,2021-05-03,High
C00490,Customer 490,2021-05-04,High
C00491,Customer 491,2021-05-05,Low
C00492,Customer 492,2021-05-06,Medium
C00493,Customer 493,2021-05-07,Low
C00494,Customer 494,2021-05-08,Low
C00495,Customer 495,2021-05-09,Low
C00496,Customer 496,2021-05-10,Low
C00497,Customer 497,2021-05-11,Medium
C00498,Customer 498,2021-05-12,Low
C00499,Customer 499,2021-05-13,High
C00500,Customer 500,2021-05-14,High
C00501,Customer 501,2021-05-15,Medium
C00502,Customer 502,2021-05-16,Medium
C00503,Customer 503,2021-05-17,Low
C00504,Customer 504,2021-05-18,High
C00505,Customer 505,2021-05-19,Medium
C00506,Customer 506,2021-05-20,Low
C00507,Customer 507,2021-05-21,High
C00508,Customer 508,2021-05-22,High
C00509,Customer 509,2021-05-23,High
C00510,Customer 510,2021-05-24,Medium
C00511,Customer 511,2021-05-25,Medium
C00512,Customer 512,2021-05-26,Low
C00513,Customer 513,2021-05-27,High
C00514,Customer 514,2021-05-28,High
C00515,Customer 515,2021-05-29,Low
C00516,Customer 516,2021-05-30,Low
C00517,Customer 517,2021-05-31,Low
C00518,Customer 518,2021-06-01,High
C00519,Customer 519,2021-06-02,High
C00520,Customer 520,2021-06-03,Low
C00521,Customer 521,2021-06-04,Medium
C00522,Customer 522,2021-06-05,Low
C00523,Customer 523,2021-06-06,High
C00524,Customer 524,2021-06-07,High
C00525,Customer 525,2021-06-08,High
C00526,Customer 526,2021-06-09,Low
C00527,Customer 527,2021-06-10,Low
C00528,Customer 528,2021-06-11,Low
C00529,Customer 529,2021-06-12,Low
C00530,Customer 530,2021-06-13,High
C00531,Customer 531,2021-06-14,High
C00532,Customer 532,2021-06-15,High
C00533,Customer 533,2021-06-16,High
C00534,Customer 534,2021-06-17,Medium
C00535,Customer 535,2021-06-18,Medium
C00536,Customer 536,2021-06-19,High
C00537,Customer 537,2021-06-20,High
C00538,Customer 538,2021-06-21,Low
C00539,Customer 539,2021-06-22,Low
C00540,Customer 540,2021-06-23,Low
C00541,Customer 541,2021-06-24,High
C00542,Customer 542,2021-06-25,Medium
C00543,Customer 543,2021-06-26,Low
C00544,Customer 544,2021-06-27,Medium
C00545,Customer 545,2021-06-28,Medium
C00546,Customer 546,2021-06-29,Low
C00547,Customer 547,2021-06-30,Low
C00548,Customer 548,2021-07-01,Medium
C00549,Customer 549,2021-07-02,Medium
C00550,Customer 550,2021-07-03,Medium
C00551,Customer 551,2021-07-04,Medium
C00552,Customer 552,2021-07-05,High
C00553,Customer 553,2021-07-06,Medium
C00554,Customer 554,2021-07-07,Medium
C00555,Customer 555,2021-07-08,High
C00556,Customer 556,2021-07-09,Low
C00557,Customer 557,2021-07-10,Low
C00558,Customer 558,2021-07-11,Low
C00559,Customer 559,2021-07-12,Medium
C00560,Customer 560,2021-07-13,Medium
C00561,Customer 561,2021-07-14,Medium
C00562,Customer 562,2021-07-15,Low
C00563,Customer 563,2021-07-16,Low
C00564,Customer 564,2021-07-17,Low
C00565,Customer 565,2021-07-18,Low
C00566,Customer 566,2021-07-19,Medium
C00567,Customer 567,2021-07-20,Low
C00568,Customer 568,2021-07-21,Low
C00569,Customer 569,2021-07-22,High
C00570,Customer 570,2021-07-23,Low
C00571,Customer 571,2021-07-24,Medium
C00572,Customer 572,2021-07-25,Medium
C00573,Customer 573,2021-07-26,Low
C00574,Customer 574,2021-07-27,Medium
C00575,Customer 575,2021-07-28,High
C00576,Customer 576,2021-07-29,High
C00577,Customer 577,2021-07-30,Low
C00578,Customer 578,2021-07-31,High
C00579,Customer 579,2021-08-01,Low
C00580,Customer 580,2021-08-02,Low
C00581,Customer 581,2021-08-03,Low
C00582,Customer 582,2021-08-04,High
C00583,Customer 583,2021-08-05,Low
C00584,Customer 584,2021-08-06,Low
C00585,Customer 585,2021-08-07,Medium
C00586,Customer 586,2021-08-08,Low
C00587,Customer 587,2021-08-09,Low
C00588,Customer 588,2021-08-10,Low
C00589,Customer 589,2021-08-11,Low
C00590,Customer 590,2021-08-12,Low
C00591,Customer 591,2021-08-13,Low
C00592,Customer 592,2021-08-14,Medium
C00593,Customer 593,2021-08-15,Low
C00594,Customer 594,2021-08-16,Low
C00595,Customer 595,2021-08-17,High
C00596,Customer 596,2021-08-18,Low
C00597,Customer 597,2021-08-19,Medium
C00598,Customer 598,2021-08-20,Low
C00599,Customer 599,2021-08-21,Low
C00600,Customer 600,2021-08-22,Low
C00601,Customer 601,2021-08-23,Low
C00602,Customer 602,2021-08-24,Low
C00603,Customer 603,2021-08-25,Low
C00604,Customer 604,2021-08-26,Low
C00605,Customer 605,2021-08-27,Low
C00606,Customer 606,2021-08-28,Low
C00607,Customer 607,2021-08-29,Low
C00608,Customer 608,2021-08-30,Low
C00609,Customer 609,2021-08-31,Medium
C00610,Customer 610,2021-09-01,Medium
C00611,Customer 611,2021-09-02,Low
C00612,Customer 612,2021-09-03,Medium
C00613,Customer 613,2021-09-04,Medium
C00614,Customer 614,2021-09-05,Low
C00615,Customer 615,2021-09-06,High
C00616,Customer 616,2021-09-07,High
C00617,Customer 617,2021-09-08,Low
C00618,Customer 618,2021-09-09,Low
C00619,Customer 619,2021-09-10,High
C00620,Customer 620,2021-09-11,Medium
C00621,Customer 621,2021-09-12,Low
C00622,Customer 622,2021-09-13,Low
C00623,Customer 623,2021-09-14,Low
C00624,Customer 624,2021-09-15,Low
C00625,Customer 625,2021-09-16,Medium
C00626,Customer 626,2021-09-17,Low
C00627,Customer 627,2021-09-18,Low
C00628,Customer 628,2021-09-19,Medium
C00629,Customer 629,2021-09-20,Low
C00630,Customer 630,2021-09-21,Low
C00631,Customer 631,2021-09-22,Medium
C00632,Customer 632,2021-09-23,High
C00633,Customer 633,2021-09-24,Medium
C00634,Customer 634,2021-09-25,Medium
C00635,Customer 635,2021-09-26,Low
C00636,Customer 636,2021-09-27,Low
C00637,Customer 637,2021-09-28,Medium
C00638,Customer 638,2021-09-29,Low
C00639,Customer 639,2021-09-30,Low
C00640,Customer 640,2021-10-01,Low
C00641,Customer 641,2021-10-02,Low
C00642,Customer 642,2021-10-03,Low
C00643,Customer 643,2021-10-04,Low
C00644,Customer 644,2021-10-05,Low
C00645,Customer 645,2021-10-06,Low
C00646,Customer 646,2021-10-07,High
C00647,Customer 647,2021-10-08,Medium
C00648,Customer 648,2021-10-09,Medium
C00649,Customer 649,2021-10-10,Medium
C00650,Customer 650,2021-10-11,Low
C00651,Customer 651,2021-10-12,Low
C00652,Customer 652,2021-10-13,Medium
C00653,Customer 653,2021-10-14,Medium
C00654,Customer 654,2021-10-15,Medium
C00655,Customer 655,2021-10-16,Low
C00656,Customer 656,2021-10-17,Low
C00657,Customer 657,2021-10-18,Low
C00658,Customer 658,2021-10-19,Low
C00659,Customer 659,2021-10-20,Medium
C00660,Customer 660,2021-10-21,Medium
C00661,Customer 661,2021-10-22,Low
C00662,Customer 662,2021-10-23,High
C00663,Customer 663,2021-10-24,Medium
C00664,Customer 664,2021-10-25,Low
C00665,Customer 665,2021-10-26,Low
C00666,Customer 666,2021-10-27,Low
C00667,Customer 667,2021-10-28,Low
C00668,Customer 668,2021-10-29,Low
C00669,Customer 669,2021-10-30,Low
C00670,Customer 670,2021-10-31,Low
C00671,Customer 671,2021-11-01,Low
C00672,Customer 672,2021-11-02,High
C00673,Customer 673,2021-11-03,Low
C00674,Customer 674,2021-11-04,Medium
C00675,Customer 675,2021-11-05,Low
C00676,Customer 676,2021-11-06,High
C00677,Customer 677,2021-11-07,Low
C00678,Customer 678,2021-11-08,Low
C00679,Customer 679,2021-11-09,High
C00680,Customer 680,2021-11-10,High
C00681,Customer 681,2021-11-11,High
C00682,Customer 682,2021-11-12,Low
C00683,Customer 683,2021-11-13,Low
C00684,Customer 684,2021-11-14,Medium
C00685,Customer 685,2021-11-15,High
C00686,Customer 686,2021-11-16,Medium
C00687,Customer 687,2021-11-17,Medium
C00688,Customer 688,2021-11-18,Low
C00689,Customer 689,2021-11-19,Medium
C00690,Customer 690,2021-11-20,Low
C00691,Customer 691,2021-11-21,Low
C00692,Customer 692,2021-11-22,Low
C00693,Customer 693,2021-11-23,Medium
C00694,Customer 694,2021-11-24,Low
C00695,Customer 695,2021-11-25,Low
C00696,Customer 696,2021-11-26,Medium
C00697,Customer 697,2021-11-27,Low
C00698,Customer 698,2021-11-28,Medium
C00699,Customer 699,2021-11-29,Low
C00700,Customer 700,2021-11-30,Low
C00701,Customer 701,2021-12-01,Medium
C00702,Customer 702,2021-12-02,Low
C00703,Customer 703,2021-12-03,Low
C00704,Customer 704,2021-12-04,Low
C00705,Customer 705,2021-12-05,Low
C00706,Customer 706,2021-12-06,High
C00707,Customer 707,2021-12-07,Low
C00708,Customer 708,2021-12-08,High
C00709,Customer 709,2021-12-09,Low
C00710,Customer 710,2021-12-10,Medium
C00711,Customer 711,2021-12-11,Medium
C00712,Customer 712,2021-12-12,Medium
C00713,Customer 713,2021-12-13,Low
C00714,Customer 714,2021-12-14,Low
C00715,Customer 715,2021-12-15,Low
C00716,Customer 716,2021-12-16,High
C00717,Customer 717,2021-12-17,High
C00718,Customer 718,2021-12-18,High
C00719,Customer 719,2021-12-19,Low
C00720,Customer 720,2021-12-20,Medium
C00721,Customer 721,2021-12-21,High
C00722,Customer 722,2021-12-22,Low
C00723,Customer 723,2021-12-23,Low
C00724,Customer 724,2021-12-24,Medium
C00725,Customer 725,2021-12-25,Medium
C00726,Customer 726,2021-12-26,High
C00727,Customer 727,2021-12-27,Low
C00728,Customer 728,2021-12-28,Medium
C00729,Customer 729,2021-12-29,Low
C00730,Customer 730,2021-12-30,Low
C00731,Customer 731,2021-12-31,Low
C00732,Customer 732,2022-01-01,High
C00733,Customer 733,2022-01-02,Medium
C00734,Customer 734,2022-01-03,Medium
C00735,Customer 735,2022-01-04,Low
C00736,Customer 736,2022-01-05,High
C00737,Customer 737,2022-01-06,Low
C00738,Customer 738,2022-01-07,High
C00739,Customer 739,2022-01-08,Low
C00740,Customer 740,2022-01-09,Low
C00741,Customer 741,2022-01-10,Low
C00742,Customer 742,2022-01-11,Low
C00743,Customer 743,2022-01-12,Medium
C00744,Customer 744,2022-01-13,Medium
C00745,Customer 745,2022-01-14,Low
C00746,Customer 746,2022-01-15,High
C00747,Customer 747,2022-01-16,Low
C00748,Customer 748,2022-01-17,Medium
C00749,Customer 749,2022-01-18,High
C00750,Customer 750,2022-01-19,Medium
C00751,Customer 751,2022-01-20,Low
C00752,Customer 752,2022-01-21,High
C00753,Customer 753,2022-01-22,Medium
C00754,Customer 754,2022-01-23,Low
C00755,Customer 755,2022-01-24,Low
C00756,Customer 756,2022-01-25,Medium
C00757,Customer 757,2022-01-26,Medium
C00758,Customer 758,2022-01-27,Medium
C00759,Customer 759,2022-01-28,High
C00760,Customer 760,2022-01-29,Medium
C00761,Customer 761,2022-01-30,Low
C00762,Customer 762,2022-01-31,Low
C00763,Customer 763,2022-02-01,Low
C00764,Customer 764,2022-02-02,Medium
C00765,Customer 765,2022-02-03,Low
C00766,Customer 766,2022-02-04,Medium
C00767,Customer 767,2022-02-05,Medium
C00768,Customer 768,2022-02-06,High
C00769,Customer 769,2022-02-07,Low
C00770,Customer 770,2022-02-08,High
C00771,Customer 771,2022-02-09,Low
C00772,Customer 772,2022-02-10,High
C00773,Customer 773,2022-02-11,Low
C00774,Customer 774,2022-02-12,Low
C00775,Customer 775,2022-02-13,Medium
C00776,Customer 776,2022-02-14,Low
C00777,Customer 777,2022-02-15,Low
C00778,Customer 778,2022-02-16,Medium
C00779,Customer 779,2022-02-17,Medium
C00780,Customer 780,2022-02-18,Medium
C00781,Customer 781,2022-02-19,Medium
C00782,Customer 782,2022-02-20,Medium
C00783,Customer 783,2022-02-21,Low
C00784,Customer 784,2022-02-22,Low
C00785,Customer 785,2022-02-23,Low
C00786,Customer 786,2022-02-24,High
C00787,Customer 787,2022-02-25,Medium
C00788,Customer 788,2022-02-26,Low
C00789,Customer 789,2022-02-27,Low
C00790,Customer 790,2022-02-28,High
C00791,Customer 791,2022-03-01,Low
C00792,Customer 792,2022-03-02,Medium
C00793,Customer 793,2022-03-03,Medium
C00794,Customer 794,2022-03-04,Medium
C00795,Customer 795,2022-03-05,Low
C00796,Customer 796,2022-03-06,High
C00797,Customer 797,2022-03-07,High
C00798,Customer 798,2022-03-08,Medium
C00799,Customer 799,2022-03-09,Medium
C00800,Customer 800,2022-03-10,High
C00801,Customer 801,2022-03-11,Medium
C00802,Customer 802,2022-03-12,Low
C00803,Customer 803,2022-03-13,Medium
C00804,Customer 804,2022-03-14,Medium
C00805,Customer 805,2022-03-15,Low
C00806,Customer 806,2022-03-16,Medium
C00807,Customer 807,2022-03-17,High
C00808,Customer 808,2022-03-18,High
C00809,Customer 809,2022-03-19,Low
C00810,Customer 810,2022-03-20,Low
C00811,Customer 811,2022-03-21,High
C00812,Customer 812,2022-03-22,High
C00813,Customer 813,2022-03-23,Low
C00814,Customer 814,2022-03-24,High
C00815,Customer 815,2022-03-25,High
C00816,Customer 816,2022-03-26,Medium
C00817,Customer 817,2022-03-27,Medium
C00818,Customer 818,2022-03-28,Low
C00819,Customer 819,2022-03-29,Low
C00820,Customer 820,2022-03-30,Low
C00821,Customer 821,2022-03-31,High
C00822,Customer 822,2022-04-01,Low
C00823,Customer 823,2022-04-02,Low
C00824,Customer 824,2022-04-03,Low
C00825,Customer 825,2022-04-04,Medium
C00826,Customer 826,2022-04-05,High
C00827,Customer 827,2022-04-06,Low
C00828,Customer 828,2022-04-07,Low
C00829,Customer 829,2022-04-08,Medium
C00830,Customer 830,2022-04-09,Low
C00831,Customer 831,2022-04-10,Low
C00832,Customer 832,2022-04-11,Low
C00833,Customer 833,2022-04-12,Low
C00834,Customer 834,2022-04-13,Low
C00835,Customer 835,2022-04-14,Low
C00836,Customer 836,2022-04-15,Low
C00837,Customer 837,2022-04-16,High
C00838,Customer 838,2022-04-17,Low
C00839,Customer 839,2022-04-18,Medium
C00840,Customer 840,2022-04-19,Medium
C00841,Customer 841,2022-04-20,Low
C00842,Customer 842,2022-04-21,Medium
C00843,Customer 843,2022-04-22,Low
C00844,Customer 844,2022-04-23,High
C00845,Customer 845,2022-04-24,Low
C00846,Customer 846,2022-04-25,Low
C00847,Customer 847,2022-04-26,Low
C00848,Customer 848,2022-04-27,High
C00849,Customer 849,2022-04-28,Medium
C00850,Customer 850,2022-04-29,Medium
C00851,Customer 851,2022-04-30,Low
C00852,Customer 852,2022-05-01,Medium
C00853,Customer 853,2022-05-02,Low
C00854,Customer 854,2022-05-03,High
C00855,Customer 855,2022-05-04,Low
C00856,Customer 856,2022-05-05,Low
C00857,Customer 857,2022-05-06,Low
C00858,Customer 858,2022-05-07,Low
C00859,Customer 859,2022-05-08,Medium
C00860,Customer 860,2022-05-09,Low
C00861,Customer 861,2022-05-10,Medium
C00862,Customer 862,2022-05-11,Low
C00863,Customer 863,2022-05-12,Medium
C00864,Customer 864,2022-05-13,Low
C00865,Customer 865,2022-05-14,Low
C00866,Customer 866,2022-05-15,Medium
C00867,Customer 867,2022-05-16,Low
C00868,Customer 868,2022-05-17,Low
C00869,Customer 869,2022-05-18,High
C00870,Customer 870,2022-05-19,High
C00871,Customer 871,2022-05-20,Low
C00872,Customer 872,2022-05-21,Low
C00873,Customer 873,2022-05-22,Medium
C00874,Customer 874,2022-05-23,Low
C00875,Customer 875,2022-05-24,Low
C00876,Customer 876,2022-05-25,Low
C00877,Customer 877,2022-05-26,Medium
C00878,Customer 878,2022-05-27,Medium
C00879,Customer 879,2022-05-28,Low
C00880,Customer 880,2022-05-29,Low
C00881,Customer 881,2022-05-30,Low
C00882,Customer 882,2022-05-31,Medium
C00883,Customer 883,2022-06-01,Low
C00884,Customer 884,2022-06-02,Low
C00885,Customer 885,2022-06-03,Medium
C00886,Customer 886,2022-06-04,Low
C00887,Customer 887,2022-06-05,Medium
C00888,Customer 888,2022-06-06,Low
C00889,Customer 889,2022-06-07,Low
C00890,Customer 890,2022-06-08,Low
C00891,Customer 891,2022-06-09,Medium
C00892,Customer 892,2022-06-10,High
C00893,Customer 893,2022-06-11,High
C00894,Customer 894,2022-06-12,Low
C00895,Customer 895,2022-06-13,Medium
C00896,Customer 896,2022-06-14,Low
C00897,Customer 897,2022-06-15,Low
C00898,Customer 898,2022-06-16,High
C00899,Customer 899,2022-06-17,Low
C00900,Customer 900,2022-06-18,Low
C00901,Customer 901,2022-06-19,Low
C00902,Customer 902,2022-06-20,Low
C00903,Customer 903,2022-06-21,Low
C00904,Customer 904,2022-06-22,Medium
C00905,Customer 905,2022-06-23,Low
C00906,Customer 906,2022-06-24,High
C00907,Customer 907,2022-06-25,High
C00908,Customer 908,2022-06-26,Low
C00909,Customer 909,2022-06-27,Low
C00910,Customer 910,2022-06-28,Low
C00911,Customer 911,2022-06-29,Medium
C00912,Customer 912,2022-06-30,Low
C00913,Customer 913,2022-07-01,Medium
C00914,Customer 914,2022-07-02,Low
C00915,Customer 915,2022-07-03,Medium
C00916,Customer 916,2022-07-04,Low
C00917,Customer 917,2022-07-05,Low
C00918,Customer 918,2022-07-06,High
C00919,Customer 919,2022-07-07,Medium
C00920,Customer 920,2022-07-08,Low
C00921,Customer 921,2022-07-09,High
C00922,Customer 922,2022-07-10,Low
C00923,Customer 923,2022-07-11,High
C00924,Customer 924,2022-07-12,Medium
C00925,Customer 925,2022-07-13,Low
C00926,Customer 926,2022-07-14,Low
C00927,Customer 927,2022-07-15,Low
C00928,Customer 928,2022-07-16,Medium
C00929,Customer 929,2022-07-17,Medium
C00930,Customer 930,2022-07-18,Low
C00931,Customer 931,2022-07-19,Low
C00932,Customer 932,2022-07-20,High
C00933,Customer 933,2022-07-21,High
C00934,Customer 934,2022-07-22,Medium
C00935,Customer 935,2022-07-23,Low
C00936,Customer 936,2022-07-24,Low
C00937,Customer 937,2022-07-25,Low
C00938,Customer 938,2022-07-26,High
C00939,Customer 939,2022-07-27,Low
C00940,Customer 940,2022-07-28,Medium
C00941,Customer 941,2022-07-29,Low
C00942,Customer 942,2022-07-30,Medium
C00943,Customer 943,2022-07-31,Medium
C00944,Customer 944,2022-08-01,High
C00945,Customer 945,2022-08-02,Low
C00946,Customer 946,2022-08-03,Low
C00947,Customer 947,2022-08-04,Low
C00948,Customer 948,2022-08-05,High
C00949,Customer 949,2022-08-06,High
C00950,Customer 950,2022-08-07,Medium
C00951,Customer 951,2022-08-08,Medium
C00952,Customer 952,2022-08-09,Medium
C00953,Customer 953,2022-08-10,Low
C00954,Customer 954,2022-08-11,High
C00955,Customer 955,2022-08-12,Low
C00956,Customer 956,2022-08-13,Low
C00957,Customer 957,2022-08-14,Medium
C00958,Customer 958,2022-08-15,Low
C00959,Customer 959,2022-08-16,Low
C00960,Customer 960,2022-08-17,Medium
C00961,Customer 961,2022-08-18,Low
C00962,Customer 962,2022-08-19,Medium
C00963,Customer 963,2022-08-20,Low
C00964,Customer 964,2022-08-21,Low
C00965,Customer 965,2022-08-22,Low
C00966,Customer 966,2022-08-23,Low
C00967,Customer 967,2022-08-24,Medium
C00968,Customer 968,2022-08-25,Low
C00969,Customer 969,2022-08-26,Medium
C00970,Customer 970,2022-08-27,Low
C00971,Customer 971,2022-08-28,Medium
C00972,Customer 972,2022-08-29,High
C00973,Customer 973,2022-08-30,Medium
C00974,Customer 974,2022-08-31,Low
C00975,Customer 975,2022-09-01,Low
C00976,Customer 976,2022-09-02,Low
C00977,Customer 977,2022-09-03,Medium
C00978,Customer 978,2022-09-04,Low
C00979,Customer 979,2022-09-05,Low
C00980,Customer 980,2022-09-06,Medium
C00981,Customer 981,2022-09-07,Low
C00982,Customer 982,2022-09-08,Medium
C00983,Customer 983,2022-09-09,Low
C00984,Customer 984,2022-09-10,Low
C00985,Customer 985,2022-09-11,Medium
C00986,Customer 986,2022-09-12,Low
C00987,Customer 987,2022-09-13,Medium
C00988,Customer 988,2022-09-14,Low
C00989,Customer 989,2022-09-15,Low
C00990,Customer 990,2022-09-16,High
C00991,Customer 991,2022-09-17,Medium
C00992,Customer 992,2022-09-18,Medium
C00993,Customer 993,2022-09-19,Low
C00994,Customer 994,2022-09-20,Medium
C00995,Customer 995,2022-09-21,Low
C00996,Customer 996,2022-09-22,Low
C00997,Customer 997,2022-09-23,High
C00998,Customer 998,2022-09-24,Low
C00999,Customer 999,2022-09-25,High
C01000,Customer 1000,2022-09-26,Low
